{"industry": "ecommerce", "name": "E-commerce (Интернет-магазины)", "description": "Профиль для интернет-магазинов и онлайн-торговли", "global": {"category": ["бесплатно", "скачать", "торрент", "пиратский", "взломанный", "crack", "кряк", "serial", "keygen", "ремонт", "инструкция", "как сделать", "своими руками", "чертеж", "схема", "youtube", "видео", "обзор", "тест", "отзыв", "характеристики", "совместимость", "драйвер", "прошивка"], "commercial": ["аренда", "продать", "бу", "б/у", "подержанный", "二手", "контрактный", "восстановленный", "refurbished"], "competitors": ["aliexpress", "wb", "wildberries", "ozon", "яндекс.маркет", "avito", "olx", "avito.ru", "купить дешевле"], "irrelevant": ["магазин закрылся", "нет в наличии", "снято с производства", "устарела модель", "акция закончилась"]}, "thematic": {"electronics": ["лампочка", "батарейка", "зарядка", "кабель", "переходник", "адаптер", "чехол", "защитное стекло", "пленка", "подставка", "держатель"], "clothing": ["выкройка", "лекало", "шитье", "вязание", "рукоделие", "мастер класс", "урок", "видеоурок", "pattern", "кройка"], "home": ["инструмент", "дрель", "шуруповерт", "молоток", "отвертка", "гайка", "болт", "саморез", "сверло", "диск"], "beauty": ["рецепт", "приготовление", "своими руками", "домашний", "изготовление", "производство", "оборудование", "сырье"], "sports": ["треннировка", "упражнение", "программа", "режим", "диета", "похудение", "фитнес", "зарядка"]}, "contexts": {"price_queries": ["цена", "стоимость", "сколько стоит", "дешево", "дорого", "акция", "скидка", "распродажа", "спецпредложение"], "comparison": ["сравнить", "лучше", "хуже", "отзыв", "рейтинг", "обзор", "тест", "характеристики"], "location": ["доставка", "курьер", "самовывоз", "пвз", "пункт выдачи", "почта россии", "сдэк"], "availability": ["в наличии", "есть", "нет", "заказ", "предзаказ", "осталось", "закончился"]}, "auto_detection": {"keywords": ["магазин", "интернет-магазин", "купить", "заказать", "каталог", "товар", "цена", "доставка"], "brands": ["samsung", "apple", "xiaomi", "huawei", "oneplus", "asus", "acer", "lenovo", "hp", "dell"], "categories": ["электроника", "одежда", "обувь", "дом", "красота", "спорт", "авто", "детские товары"]}}