{"industry": "medical", "name": "Медицина и здоровье", "description": "Профиль для медицинских услуг и товаров", "global": {"category": ["рецепт", "диагноз", "лечение", "операция", "госпитализация", "стационар", "дневной стационар", "узи", "кт", "мрт", "анализы", "обследование", "консультация врача", "талоны", "запись к врачу", "полис омс", "бесплатно по полису"], "commercial": ["продать", "бу", "б/у", "подержанное", "二手", "взятый в аренду", "арендованный"], "competitors": ["госполиклиника", "больница", "санэпидемстанция", "фонд омс", "минздрав", "росздравнадзор"], "irrelevant": ["самостоятельно", "в домашних условиях", "народная медицина", "бабушкины рецепты", "нетрадиционная медицина", "экстрасенс", "целитель", "знахарь", "астрология", "нумерология"]}, "thematic": {"medications": ["антибиотик", "рецепт", "дозировка", "побочные эффекты", "противопоказания", "совместимость", "взаимодействие"], "equipment": ["тонометр", "глюкометр", "небулайзер", "ингалятор", "пульсоксиметр", "термометр"], "diagnostics": ["узи", "кт", "мрт", "флюорография", "рентген", "экг", "ээг", "фонокардиография"], "treatment": ["физиотерапия", "массаж", "лфк", "лечебная физкультура", "бальнеотерапия"], "specialists": ["терапевт", "кардиолог", "невролог", "хирург", "педиатр", "гинеколог", "уролог"]}, "contexts": {"urgency": ["срочно", "экстренно", "неотложная помощь", "скорая помощь", "травмпункт"], "quality": ["опытный врач", "квалифицированный специалист", "стаж работы", "образование", "сертификат", "лицензия"], "accessibility": ["запись онлайн", "электронная запись", "талон", "очередь", "талоны", "запись на прием"], "services": ["консультация", "осмотр", "диагностика", "лечение", "профилактика", "вакцинация"]}, "auto_detection": {"keywords": ["врач", "клиника", "больница", "медицинский", "здоровье", "болезнь", "лечение", "диагностика", "консультация", "анализы"], "specialties": ["кардиология", "неврология", "хирургия", "терапия", "педиатрия", "гинекология", "урология", "офтальмология", "отоларингология", "дерматология"], "locations": ["больница", "поликлиника", "клиника", "медцентр", "диспансер", "родильный дом", "станция переливания крови", "травмпункт"]}}