{"industry": "services", "name": "Услуги", "description": "Профиль для компаний, предоставляющих услуги", "global": {"category": ["бесплатно", "для дома", "своими руками", "инструкция", "как сделать", "мастер класс", "урок", "видео", "youtube", "скачать", "торрент", "рецепт", "приготовление"], "commercial": ["продать", "бу", "б/у", "подержанный", "二手", "аренда инструментов", "аренда оборудования"], "competitors": ["olx", "avito", "youdo", "profiru", "золотые руки", "руки из плеч"], "irrelevant": ["удаленно", "онлайн", "дистанционно", "видеозвонок", "zoom", "skype", "бесплатная консультация", "безплатно"]}, "thematic": {"construction": ["стройматериалы", "кирпич", "цемент", "песок", "щебень", "доска", "брус", "утеплитель", "гипсокартон", "профиль", "саморез", "гвоздь"], "repair": ["запчасти", "запчастина", "замена", "сборка", "разборка", "инструкция", "схема", "чертеж", "паспорт", "техпаспорт"], "cleaning": ["химия", "моющее средство", "порошок", "жидкость", "спрей", "концентрат", "чистящее средство"], "beauty": ["косметика", "инструмент", "оборудование", "аппарат", "прибор", "массажер"], "transport": ["автозапчасти", "масло", "фильтр", "тормозные колодки", "свечи", "аккумулятор", "шины", "диски"]}, "contexts": {"urgency": ["срочно", "недорого", "быстро", "качественно", "гарантия", "официально", "сертифицированный"], "comparison": ["сравнить цены", "где дешевле", "лучше", "отзывы", "рейтинг", "опыт работы"], "location": ["выезд", "на дому", "в офисе", "в городе", "область", "регион", "по области"], "specialization": ["профессионал", "мастер", "специалист", "сервисный центр", "официальный дилер"]}, "auto_detection": {"keywords": ["услуги", "ремонт", "строительство", "уборка", "чистка", "доставка", "установка", "монтаж", "настройка", "консультация"], "service_types": ["ремонт", "строительство", "уборка", "доставка", "установка", "монтаж", "чистка", "дезинфекция", "дератизация"], "locations": ["выезд на дом", "офис", "квартира", "дом", "дача", "склад", "магазин", "производство"]}}